onnx/ibp_3_3_8.onnx,vnnlib/ibp_3_3_8_1264.vnnlib,100
onnx/ibp_3_3_8.onnx,vnnlib/ibp_3_3_8_2383.vnnlib,100
onnx/ibp_3_3_8.onnx,vnnlib/ibp_3_3_8_1504.vnnlib,100
onnx/ibp_3_3_8.onnx,vnnlib/ibp_3_3_8_4495.vnnlib,100
onnx/ibp_3_3_8.onnx,vnnlib/ibp_3_3_8_9794.vnnlib,100
onnx/ibp_3_3_8.onnx,vnnlib/ibp_3_3_8_5233.vnnlib,100
onnx/ibp_3_3_8.onnx,vnnlib/ibp_3_3_8_5342.vnnlib,100
onnx/ibp_3_3_8.onnx,vnnlib/ibp_3_3_8_6239.vnnlib,100
onnx/ibp_3_3_8.onnx,vnnlib/ibp_3_3_8_6461.vnnlib,100
onnx/ibp_3_3_8.onnx,vnnlib/ibp_3_3_8_1747.vnnlib,100
onnx/ibp_3_3_8.onnx,vnnlib/ibp_3_3_8_3482.vnnlib,100
onnx/ibp_3_3_8.onnx,vnnlib/ibp_3_3_8_9062.vnnlib,100
onnx/ibp_3_3_8.onnx,vnnlib/ibp_3_3_8_7894.vnnlib,100
onnx/ibp_3_3_8.onnx,vnnlib/ibp_3_3_8_7624.vnnlib,100
onnx/ibp_3_3_8.onnx,vnnlib/ibp_3_3_8_221.vnnlib,100
onnx/ibp_3_3_8.onnx,vnnlib/ibp_3_3_8_2851.vnnlib,100
onnx/ibp_3_3_8.onnx,vnnlib/ibp_3_3_8_9175.vnnlib,100
onnx/ibp_3_3_8.onnx,vnnlib/ibp_3_3_8_6948.vnnlib,100
onnx/ibp_3_3_8.onnx,vnnlib/ibp_3_3_8_2013.vnnlib,100
onnx/ibp_3_3_8.onnx,vnnlib/ibp_3_3_8_6090.vnnlib,100
onnx/ibp_3_3_8.onnx,vnnlib/ibp_3_3_8_3493.vnnlib,100
onnx/ibp_3_3_8.onnx,vnnlib/ibp_3_3_8_1757.vnnlib,100
onnx/ibp_3_3_8.onnx,vnnlib/ibp_3_3_8_3895.vnnlib,100
onnx/ibp_3_3_8.onnx,vnnlib/ibp_3_3_8_5535.vnnlib,100
onnx/ibp_3_3_8.onnx,vnnlib/ibp_3_3_8_956.vnnlib,100
onnx/ibp_3_3_8.onnx,vnnlib/ibp_3_3_8_4114.vnnlib,100
onnx/ibp_3_3_8.onnx,vnnlib/ibp_3_3_8_9430.vnnlib,100
onnx/ibp_3_3_8.onnx,vnnlib/ibp_3_3_8_5402.vnnlib,100
onnx/ibp_3_3_8.onnx,vnnlib/ibp_3_3_8_7848.vnnlib,100
onnx/ibp_3_3_8.onnx,vnnlib/ibp_3_3_8_1140.vnnlib,100
onnx/ibp_3_3_8.onnx,vnnlib/ibp_3_3_8_8689.vnnlib,100
onnx/ibp_3_3_8.onnx,vnnlib/ibp_3_3_8_2675.vnnlib,100
onnx/ibp_3_3_8.onnx,vnnlib/ibp_3_3_8_1829.vnnlib,100
onnx/ibp_3_3_8.onnx,vnnlib/ibp_3_3_8_6943.vnnlib,100
onnx/ibp_3_3_8.onnx,vnnlib/ibp_3_3_8_2818.vnnlib,100
onnx/ibp_3_3_8.onnx,vnnlib/ibp_3_3_8_7671.vnnlib,100
onnx/ibp_3_3_8.onnx,vnnlib/ibp_3_3_8_4199.vnnlib,100
onnx/ibp_3_3_8.onnx,vnnlib/ibp_3_3_8_253.vnnlib,100
onnx/ibp_3_3_8.onnx,vnnlib/ibp_3_3_8_9010.vnnlib,100
onnx/ibp_3_3_8.onnx,vnnlib/ibp_3_3_8_5251.vnnlib,100
onnx/ibp_3_3_8.onnx,vnnlib/ibp_3_3_8_5325.vnnlib,100
onnx/ibp_3_3_8.onnx,vnnlib/ibp_3_3_8_9895.vnnlib,100
onnx/ibp_3_3_8.onnx,vnnlib/ibp_3_3_8_2784.vnnlib,100
onnx/ibp_3_3_8.onnx,vnnlib/ibp_3_3_8_5936.vnnlib,100
onnx/ibp_3_3_8.onnx,vnnlib/ibp_3_3_8_5600.vnnlib,100
onnx/ibp_3_3_8.onnx,vnnlib/ibp_3_3_8_9119.vnnlib,100
onnx/ibp_3_3_8.onnx,vnnlib/ibp_3_3_8_3193.vnnlib,100
onnx/ibp_3_3_8.onnx,vnnlib/ibp_3_3_8_1808.vnnlib,100
onnx/ibp_3_3_8.onnx,vnnlib/ibp_3_3_8_4703.vnnlib,100
onnx/ibp_3_3_8.onnx,vnnlib/ibp_3_3_8_3613.vnnlib,100
onnx/pgd_2_3_16.onnx,vnnlib/pgd_2_3_16_8835.vnnlib,100
onnx/pgd_2_3_16.onnx,vnnlib/pgd_2_3_16_2820.vnnlib,100
onnx/pgd_2_3_16.onnx,vnnlib/pgd_2_3_16_2439.vnnlib,100
onnx/pgd_2_3_16.onnx,vnnlib/pgd_2_3_16_396.vnnlib,100
onnx/pgd_2_3_16.onnx,vnnlib/pgd_2_3_16_9152.vnnlib,100
onnx/pgd_2_3_16.onnx,vnnlib/pgd_2_3_16_6102.vnnlib,100
onnx/pgd_2_3_16.onnx,vnnlib/pgd_2_3_16_6058.vnnlib,100
onnx/pgd_2_3_16.onnx,vnnlib/pgd_2_3_16_6773.vnnlib,100
onnx/pgd_2_3_16.onnx,vnnlib/pgd_2_3_16_5575.vnnlib,100
onnx/pgd_2_3_16.onnx,vnnlib/pgd_2_3_16_9943.vnnlib,100
onnx/pgd_2_3_16.onnx,vnnlib/pgd_2_3_16_1938.vnnlib,100
onnx/pgd_2_3_16.onnx,vnnlib/pgd_2_3_16_9052.vnnlib,100
onnx/pgd_2_3_16.onnx,vnnlib/pgd_2_3_16_1158.vnnlib,100
onnx/pgd_2_3_16.onnx,vnnlib/pgd_2_3_16_1298.vnnlib,100
onnx/pgd_2_3_16.onnx,vnnlib/pgd_2_3_16_2505.vnnlib,100
onnx/pgd_2_3_16.onnx,vnnlib/pgd_2_3_16_568.vnnlib,100
onnx/pgd_2_3_16.onnx,vnnlib/pgd_2_3_16_65.vnnlib,100
onnx/pgd_2_3_16.onnx,vnnlib/pgd_2_3_16_1204.vnnlib,100
onnx/pgd_2_3_16.onnx,vnnlib/pgd_2_3_16_8702.vnnlib,100
onnx/pgd_2_3_16.onnx,vnnlib/pgd_2_3_16_3972.vnnlib,100
onnx/pgd_2_3_16.onnx,vnnlib/pgd_2_3_16_3944.vnnlib,100
onnx/pgd_2_3_16.onnx,vnnlib/pgd_2_3_16_7431.vnnlib,100
onnx/pgd_2_3_16.onnx,vnnlib/pgd_2_3_16_8554.vnnlib,100
onnx/pgd_2_3_16.onnx,vnnlib/pgd_2_3_16_4457.vnnlib,100
onnx/pgd_2_3_16.onnx,vnnlib/pgd_2_3_16_3705.vnnlib,100
onnx/pgd_2_3_16.onnx,vnnlib/pgd_2_3_16_5679.vnnlib,100
onnx/pgd_2_3_16.onnx,vnnlib/pgd_2_3_16_4692.vnnlib,100
onnx/pgd_2_3_16.onnx,vnnlib/pgd_2_3_16_4936.vnnlib,100
onnx/pgd_2_3_16.onnx,vnnlib/pgd_2_3_16_4958.vnnlib,100
onnx/pgd_2_3_16.onnx,vnnlib/pgd_2_3_16_7089.vnnlib,100
onnx/pgd_2_3_16.onnx,vnnlib/pgd_2_3_16_3844.vnnlib,100
onnx/pgd_2_3_16.onnx,vnnlib/pgd_2_3_16_267.vnnlib,100
onnx/pgd_2_3_16.onnx,vnnlib/pgd_2_3_16_4142.vnnlib,100
onnx/pgd_2_3_16.onnx,vnnlib/pgd_2_3_16_9004.vnnlib,100
onnx/pgd_2_3_16.onnx,vnnlib/pgd_2_3_16_4988.vnnlib,100
onnx/pgd_2_3_16.onnx,vnnlib/pgd_2_3_16_2644.vnnlib,100
onnx/pgd_2_3_16.onnx,vnnlib/pgd_2_3_16_2235.vnnlib,100
onnx/pgd_2_3_16.onnx,vnnlib/pgd_2_3_16_7601.vnnlib,100
onnx/pgd_2_3_16.onnx,vnnlib/pgd_2_3_16_5757.vnnlib,100
onnx/pgd_2_3_16.onnx,vnnlib/pgd_2_3_16_341.vnnlib,100
onnx/pgd_2_3_16.onnx,vnnlib/pgd_2_3_16_9814.vnnlib,100
onnx/pgd_2_3_16.onnx,vnnlib/pgd_2_3_16_4162.vnnlib,100
onnx/pgd_2_3_16.onnx,vnnlib/pgd_2_3_16_957.vnnlib,100
onnx/pgd_2_3_16.onnx,vnnlib/pgd_2_3_16_928.vnnlib,100
onnx/pgd_2_3_16.onnx,vnnlib/pgd_2_3_16_6259.vnnlib,100
onnx/pgd_2_3_16.onnx,vnnlib/pgd_2_3_16_9177.vnnlib,100
onnx/pgd_2_3_16.onnx,vnnlib/pgd_2_3_16_5383.vnnlib,100
onnx/pgd_2_3_16.onnx,vnnlib/pgd_2_3_16_230.vnnlib,100
onnx/pgd_2_3_16.onnx,vnnlib/pgd_2_3_16_1074.vnnlib,100
onnx/pgd_2_3_16.onnx,vnnlib/pgd_2_3_16_7670.vnnlib,100
